time,strumento,open_interest,mm_net,prod_net
2017-01-03,GOLD,424673,36557,-73229
2017-01-10,GOLD,444001,55679,-72073
2017-01-17,GOLD,467937,58635,-75599
2017-01-24,GOLD,482374,59754,-85365
2017-01-31,GOLD,398433,69837,-89822
2017-02-07,GOLD,415543,70149,-93223
2017-02-14,GOLD,415128,63625,-92430
2017-02-21,GOLD,427168,78042,-95769
2017-02-28,GOLD,446081,114246,-107349
2017-03-07,GOLD,434401,90247,-97863
2017-03-14,GOLD,426170,46374,-88390
2017-03-21,GOLD,446880,56195,-98516
2017-03-28,GOLD,449418,91043,-113646
2017-04-04,GOLD,427808,109126,-122877
2017-04-11,GOLD,456131,133011,-135644
2017-04-18,GOLD,472263,151236,-149780
2017-04-25,GOLD,475985,160380,-151674
2017-05-02,GOLD,461905,143611,-153296
2017-05-09,GOLD,433033,95962,-137986
2017-05-16,GOLD,435021,65868,-128589
2017-05-23,GOLD,462572,111048,-146835
2017-05-30,GOLD,434246,124133,-156242
2017-06-06,GOLD,494041,166049,-173956
2017-06-13,GOLD,471134,147496,-166217
2017-06-20,GOLD,445841,99376,-147934
2017-06-27,GOLD,453144,72655,-139985
2017-07-03,GOLD,457201,33689,-128289
2017-07-11,GOLD,475669,23222,-117637
2017-07-18,GOLD,484204,28913,-120798
2017-07-25,GOLD,463827,73624,-137561
2017-08-01,GOLD,448709,118458,-148536
2017-08-08,GOLD,448727,135985,-149310
2017-08-15,GOLD,477921,176556,-162781
2017-08-22,GOLD,500443,194079,-179147
2017-08-29,GOLD,538875,221126,-188601
2017-09-05,GOLD,566817,237188,-193794
2017-09-12,GOLD,580606,253517,-191655
2017-09-19,GOLD,570096,233382,-189880
2017-09-26,GOLD,549637,195976,-189822
2017-10-03,GOLD,525127,179444,-185938
2017-10-10,GOLD,520005,171330,-182752
2017-10-17,GOLD,528800,169515,-187226
2017-10-24,GOLD,526674,168368,-182663
2017-10-31,GOLD,531918,165965,-183708
2017-11-07,GOLD,536843,170712,-181074
2017-11-14,GOLD,533054,176098,-184210
2017-11-21,GOLD,531612,173155,-185382
2017-11-28,GOLD,503810,198540,-184757
2017-12-05,GOLD,472795,134510,-158420
2017-12-12,GOLD,446618,76226,-131741
2017-12-19,GOLD,453595,81245,-130860
2017-12-26,GOLD,456470,107758,-141549
2018-01-02,GOLD,500731,148174,-158219
2018-01-09,GOLD,555455,196050,-177254
2018-01-16,GOLD,582333,201532,-190018
2018-01-23,GOLD,582421,209536,-193251
2018-01-30,GOLD,559332,207562,-186935
2018-02-06,GOLD,535321,182929,-175630
2018-02-13,GOLD,511745,169757,-171400
2018-02-20,GOLD,528154,175455,-176318
2018-02-27,GOLD,532860,150019,-175225
2018-03-06,GOLD,508100,150706,-173777
2018-03-13,GOLD,526762,135865,-169723
2018-03-20,GOLD,545499,111807,-156569
2018-03-27,GOLD,529690,162163,-179016
2018-04-03,GOLD,493141,126642,-166762
2018-04-10,GOLD,499588,125562,-165095
2018-04-17,GOLD,510229,132638,-173847
2018-04-24,GOLD,506410,99661,-163463
2018-05-01,GOLD,507756,39317,-148055
2018-05-08,GOLD,491398,41639,-148233
2018-05-15,GOLD,519958,18998,-139860
2018-05-22,GOLD,502942,16531,-129304
2018-05-29,GOLD,469382,54001,-137375
2018-06-05,GOLD,450641,50880,-98124
2018-06-12,GOLD,448695,55504,-95616
2018-06-19,GOLD,468345,10528,-71190
2018-06-26,GOLD,468573,-24,-71811
2018-07-03,GOLD,494164,-1254,-71244
2018-07-10,GOLD,503593,-2527,-69642
2018-07-17,GOLD,528278,-26449,-71994
2018-07-24,GOLD,496620,-36422,-57300
2018-07-31,GOLD,452655,-42528,-52764
2018-08-07,GOLD,459474,-66116,-47665
2018-08-14,GOLD,476739,-83324,-38609
2018-08-21,GOLD,483730,-90028,-37399
2018-08-28,GOLD,479283,-75772,-41192
2018-09-04,GOLD,473118,-82722,-38616
2018-09-11,GOLD,469450,-75219,-40357
2018-09-18,GOLD,469436,-82463,-38971
2018-09-25,GOLD,460279,-83677,-40525
2018-10-02,GOLD,459776,-79603,-38610
2018-10-09,GOLD,465253,-109454,-34133
2018-10-16,GOLD,474418,-49382,-61957
2018-10-23,GOLD,477832,-38116,-67924
2018-10-30,GOLD,474941,-55523,-61054
2018-11-06,GOLD,494911,-47446,-62311
2018-11-13,GOLD,539520,-79194,-41963
2018-11-20,GOLD,525940,-51851,-46110
2018-11-27,GOLD,442801,-58390,-41014
2018-12-04,GOLD,399919,-9787,-55547
2018-12-11,GOLD,402250,-66,-64180
2018-12-18,GOLD,412485,11198,-60438
2018-12-24,GOLD,442727,41968,-65895
2018-12-31,GOLD,451360,50184,-72897
2019-01-08,GOLD,455232,32471,-62051
2019-01-15,GOLD,501605,24935,-59951
2019-01-22,GOLD,513509,16210,-60043
2019-01-29,GOLD,483390,32397,-70658
2019-02-05,GOLD,479736,44875,-73567
2019-02-12,GOLD,476083,42619,-74167
2019-02-19,GOLD,504639,82377,-88437
2019-02-26,GOLD,501268,78559,-85749
2019-03-05,GOLD,471311,31247,-72181
2019-03-12,GOLD,530030,17407,-60321
2019-03-19,GOLD,514163,30475,-63997
2019-03-26,GOLD,509575,57987,-69349
2019-04-02,GOLD,440170,24618,-58235
2019-04-09,GOLD,447539,37037,-59597
2019-04-16,GOLD,440581,-15387,-43210
2019-04-23,GOLD,440048,-33829,-35983
2019-04-30,GOLD,430011,76,-50975
2019-05-07,GOLD,450039,9547,-47952
2019-05-14,GOLD,517995,52546,-64882
2019-05-21,GOLD,508643,15937,-62732
2019-05-28,GOLD,505126,26274,-62796
2019-06-04,GOLD,481495,96182,-86770
2019-06-11,GOLD,496663,129160,-92616
2019-06-18,GOLD,525636,150516,-102252
2019-06-25,GOLD,577605,177741,-127488
2019-07-02,GOLD,605949,194087,-143506
2019-07-09,GOLD,598977,182611,-149614
2019-07-16,GOLD,601900,180059,-137000
2019-07-23,GOLD,616859,178173,-140198
2019-07-30,GOLD,563298,185713,-134591
2019-08-06,GOLD,600317,226833,-139330
2019-08-13,GOLD,593962,223611,-138856
2019-08-20,GOLD,594807,229846,-145317
2019-08-27,GOLD,636183,226716,-144334
2019-09-03,GOLD,634358,231626,-154657
2019-09-10,GOLD,614753,206181,-153828
2019-09-17,GOLD,630990,213856,-159561
2019-09-24,GOLD,658944,237871,-164408
2019-10-01,GOLD,604885,190811,-150699
2019-10-08,GOLD,616957,200501,-154242
2019-10-15,GOLD,607387,175787,-145311
2019-10-22,GOLD,625528,184438,-145266
2019-10-29,GOLD,643442,198558,-139575
2019-11-05,GOLD,690181,197247,-140140
2019-11-12,GOLD,708463,175441,-122571
2019-11-19,GOLD,719211,195199,-127238
2019-11-26,GOLD,669268,194287,-120996
2019-12-03,GOLD,701016,207962,-128811
2019-12-10,GOLD,690003,183648,-122178
2019-12-17,GOLD,716987,201721,-133343
2019-12-24,GOLD,748737,218846,-137148
2019-12-31,GOLD,786166,232732,-146107
2020-01-07,GOLD,785857,229757,-143748
2020-01-14,GOLD,796883,230459,-141140
2020-01-21,GOLD,793829,223832,-142587
2020-01-28,GOLD,715539,219938,-138963
2020-02-04,GOLD,654572,181610,-138634
2020-02-11,GOLD,658024,195671,-141753
2020-02-18,GOLD,715317,238546,-159081
2020-02-25,GOLD,732917,230846,-163655
2020-03-03,GOLD,691985,215361,-160340
2020-03-10,GOLD,633470,210185,-140795
2020-03-17,GOLD,573925,154079,-133378
2020-03-24,GOLD,547334,157409,-134782
2020-03-31,GOLD,495652,152598,-112209
2020-04-07,GOLD,480050,152482,-109933
2020-04-14,GOLD,489965,155244,-108251
2020-04-21,GOLD,493158,146271,-108453
2020-04-28,GOLD,500816,146406,-112926
2020-05-05,GOLD,490343,133241,-108594
2020-05-12,GOLD,496739,122217,-105176
2020-05-19,GOLD,528205,127064,-107310
2020-05-26,GOLD,519374,113081,-88466
2020-06-02,GOLD,475745,100355,-81863
2020-06-09,GOLD,475661,91177,-82891
2020-06-16,GOLD,489563,104688,-87577
2020-06-23,GOLD,532101,129515,-94170
2020-06-30,GOLD,561628,138555,-95423
2020-07-07,GOLD,572776,139343,-92353
2020-07-14,GOLD,580175,134973,-96252
2020-07-21,GOLD,603138,140269,-100258
2020-07-28,GOLD,598629,117136,-90475
2020-08-04,GOLD,561837,113472,-97590
2020-08-11,GOLD,553345,97692,-93647
2020-08-18,GOLD,544010,95438,-90992
2020-08-25,GOLD,549282,86849,-93059
2020-09-01,GOLD,547704,97742,-97860
2020-09-08,GOLD,557457,104292,-101177
2020-09-15,GOLD,578925,111098,-101941
2020-09-22,GOLD,575877,81448,-93037
2020-09-29,GOLD,562396,94372,-96842
2020-10-06,GOLD,555555,94612,-97386
2020-10-13,GOLD,553197,81781,-100514
2020-10-20,GOLD,562993,90565,-101608
2020-10-27,GOLD,560900,101875,-94068
2020-11-03,GOLD,544774,90695,-92638
2020-11-10,GOLD,547449,79783,-92856
2020-11-17,GOLD,557533,90447,-97499
2020-11-24,GOLD,555253,85348,-95651
2020-12-01,GOLD,538042,85543,-100925
2020-12-08,GOLD,549520,98811,-102873
2020-12-15,GOLD,550366,101879,-104102
2020-12-21,GOLD,560769,108124,-107741
2020-12-29,GOLD,556414,108995,-105484
2021-01-05,GOLD,568888,116569,-105460
2021-01-12,GOLD,555538,78234,-98734
2021-01-19,GOLD,541330,78071,-100895
2021-01-26,GOLD,534574,96399,-102735
2021-02-02,GOLD,520011,87778,-104127
2021-02-09,GOLD,506741,87640,-102996
2021-02-16,GOLD,503016,67956,-99833
2021-02-23,GOLD,481125,69123,-93070
2021-03-02,GOLD,467008,45960,-86895
2021-03-09,GOLD,473871,29430,-81679
2021-03-16,GOLD,476467,41121,-79074
2021-03-23,GOLD,485457,43521,-77573
2021-03-30,GOLD,467321,43073,-72888
2021-04-06,GOLD,463353,66472,-78611
2021-04-13,GOLD,460733,53807,-75052
2021-04-20,GOLD,471738,56424,-75765
2021-04-27,GOLD,473305,50651,-71726
2021-05-04,GOLD,470341,53625,-67243
2021-05-11,GOLD,498693,81615,-70791
2021-05-18,GOLD,520410,91990,-65164
2021-05-25,GOLD,510164,107255,-78460
2021-06-01,GOLD,489198,109973,-69803
2021-06-08,GOLD,491858,107664,-65056
2021-06-15,GOLD,480127,96792,-64141
2021-06-22,GOLD,453940,62536,-56210
2021-06-29,GOLD,453360,61382,-54455
2021-07-06,GOLD,465811,77960,-60850
2021-07-13,GOLD,495798,86291,-61169
2021-07-20,GOLD,490520,90428,-63830
2021-07-27,GOLD,500187,90230,-56286
2021-08-03,GOLD,485663,89873,-56399
2021-08-10,GOLD,477232,35403,-47631
2021-08-17,GOLD,485485,59078,-51836
2021-08-24,GOLD,504735,75444,-55166
2021-08-31,GOLD,507113,81677,-52741
2021-09-07,GOLD,506772,67595,-52575
2021-09-14,GOLD,506356,71222,-54037
2021-09-21,GOLD,492765,46844,-46813
2021-09-28,GOLD,490858,30861,-41860
2021-10-05,GOLD,483789,54166,-42808
2021-10-12,GOLD,484382,58519,-47840
2021-10-19,GOLD,485974,57799,-50652
2021-10-26,GOLD,509794,86362,-51095
2021-11-02,GOLD,507616,85239,-52321
2021-11-09,GOLD,571025,125610,-58800
2021-11-16,GOLD,612612,142385,-68194
2021-11-23,GOLD,559823,105339,-68526
2021-11-30,GOLD,531868,92085,-53823
2021-12-07,GOLD,499307,80741,-54147
2021-12-14,GOLD,503709,63417,-51523
2021-12-21,GOLD,500846,71748,-55793
2021-12-28,GOLD,508912,83663,-58153
2022-01-04,GOLD,502717,79508,-53475
2022-01-11,GOLD,546516,74310,-50706
2022-01-18,GOLD,539204,71793,-50962
2022-01-25,GOLD,572078,101375,-65770
2022-02-01,GOLD,515331,49914,-52333
2022-02-08,GOLD,512842,69467,-53491
2022-02-15,GOLD,558645,107706,-63682
2022-02-22,GOLD,611488,138976,-70911
2022-03-01,GOLD,615600,148621,-75814
2022-03-08,GOLD,638502,142973,-76077
2022-03-15,GOLD,617605,126537,-67438
2022-03-22,GOLD,605191,115132,-64913
2022-03-29,GOLD,574521,108302,-51926
2022-04-05,GOLD,560666,101627,-52344
2022-04-12,GOLD,577639,117025,-51729
2022-04-19,GOLD,575202,101266,-49949
2022-04-26,GOLD,557785,81117,-44173
2022-05-03,GOLD,560441,67847,-40181
2022-05-10,GOLD,571447,61992,-42901
2022-05-17,GOLD,555756,43360,-37557
2022-05-24,GOLD,530098,61057,-42010
2022-05-31,GOLD,513722,50793,-45299
2022-06-07,GOLD,494130,57531,-44542
2022-06-14,GOLD,497456,36905,-41055
2022-06-21,GOLD,500276,49803,-44189
2022-06-28,GOLD,497005,36102,-43787
2022-07-05,GOLD,498210,17034,-38490
2022-07-12,GOLD,542493,-6133,-28069
2022-07-19,GOLD,524786,-18738,-25043
2022-07-26,GOLD,487515,-19093,-25165
2022-08-02,GOLD,459649,15855,-30387
2022-08-09,GOLD,453540,40734,-36461
2022-08-16,GOLD,453960,36373,-34524
2022-08-23,GOLD,457762,22111,-32187
2022-08-30,GOLD,459165,11788,-31347
2022-09-06,GOLD,465908,-6962,-26060
2022-09-13,GOLD,463674,-18337,-27119
2022-09-20,GOLD,469395,-36695,-17664
2022-09-27,GOLD,457061,-43094,-12623
2022-10-04,GOLD,437065,-6875,-19152
2022-10-11,GOLD,431395,-5580,-22668
2022-10-18,GOLD,434701,-25698,-15565
2022-10-25,GOLD,456072,-38788,-10426
2022-11-01,GOLD,467276,-41401,-8773
2022-11-08,GOLD,488471,-16346,-18586
2022-11-15,GOLD,495171,25457,-36982
2022-11-22,GOLD,449542,19431,-40394
2022-11-29,GOLD,433661,14720,-36626
2022-12-06,GOLD,422100,23487,-37953
2022-12-13,GOLD,437040,37449,-36843
2022-12-20,GOLD,436653,39095,-37697
2022-12-27,GOLD,440040,50877,-42392
2023-01-03,GOLD,449393,54581,-43902
2023-01-10,GOLD,481519,61809,-48703
2023-01-17,GOLD,491818,69377,-43935
2023-01-24,GOLD,499927,79879,-41609
2023-01-31,GOLD,471642,84447,-36820
2023-02-07,GOLD,439755,59576,-30982
2023-02-14,GOLD,426116,41173,-29893
2023-02-21,GOLD,422648,36706,-29783
2023-02-28,GOLD,426890,26575,-29223
2023-03-07,GOLD,458474,14399,-29599
2023-03-14,GOLD,459064,59721,-36067
2023-03-21,GOLD,469874,81229,-41286
2023-03-28,GOLD,478611,99160,-44329
2023-04-04,GOLD,476592,110131,-35939
2023-04-11,GOLD,476567,104606,-34933
2023-04-18,GOLD,482254,102696,-33944
2023-04-25,GOLD,473209,102803,-35020
2023-05-02,GOLD,493804,113790,-35531
2023-05-09,GOLD,518951,110986,-36768
2023-05-16,GOLD,521832,103983,-34214
2023-05-23,GOLD,479080,93139,-26425
2023-05-30,GOLD,449515,86703,-31372
2023-06-06,GOLD,436301,93428,-29778
2023-06-13,GOLD,432898,74643,-27159
2023-06-20,GOLD,438037,76039,-26879
2023-06-27,GOLD,431861,69675,-26233
2023-07-03,GOLD,448063,83148,-27425
2023-07-11,GOLD,483170,82443,-29074
2023-07-18,GOLD,482104,115318,-39274
2023-07-25,GOLD,476176,95287,-38944
2023-08-01,GOLD,439383,80009,-30212
2023-08-08,GOLD,427759,58606,-26450
2023-08-15,GOLD,433611,29536,-21530
2023-08-22,GOLD,430239,9109,-17602
2023-08-29,GOLD,442806,39242,-20467
2023-09-05,GOLD,438672,50365,-24374
2023-09-12,GOLD,441221,34571,-22348
2023-09-19,GOLD,438078,47390,-25288
2023-09-26,GOLD,435620,23438,-26667
2023-10-03,GOLD,431226,-7561,-22196
2023-10-10,GOLD,436499,-26767,-18427
2023-10-17,GOLD,439581,15103,-29966
2023-10-24,GOLD,463476,55748,-40145
2023-10-31,GOLD,475808,74840,-44185
2023-11-07,GOLD,484347,78235,-44983
2023-11-14,GOLD,486634,64315,-43065
2023-11-21,GOLD,508429,79135,-45909
2023-11-28,GOLD,505658,114893,-50608
2023-12-05,GOLD,487469,109387,-49694
2023-12-12,GOLD,469939,95528,-45115
2023-12-19,GOLD,481203,108276,-48016
2023-12-26,GOLD,491343,106454,-45013
2024-01-02,GOLD,500364,109149,-41701
2024-01-09,GOLD,489849,88459,-45001
2024-01-16,GOLD,489334,83229,-40554
2024-01-23,GOLD,465872,61033,-38949
2024-01-30,GOLD,430328,56024,-34359
2024-02-06,GOLD,419121,68069,-36618
2024-02-13,GOLD,420812,34176,-32243
2024-02-20,GOLD,407063,49923,-38451
2024-02-27,GOLD,411195,56153,-39672
2024-03-05,GOLD,471616,109763,-48887
2024-03-12,GOLD,516057,141083,-48440
2024-03-19,GOLD,535047,142896,-49210
2024-03-26,GOLD,503642,135795,-47505
2024-04-02,GOLD,500045,147080,-44887
2024-04-09,GOLD,505214,141732,-42026
2024-04-16,GOLD,517193,134736,-33903
2024-04-23,GOLD,516249,142139,-32593
2024-04-30,GOLD,519791,135027,-30727
2024-05-07,GOLD,529835,126099,-32170
2024-05-14,GOLD,522952,130435,-29559
2024-05-21,GOLD,530591,148523,-36970
2024-05-28,GOLD,485430,148828,-40644
2024-06-04,GOLD,447488,152299,-39886
2024-06-11,GOLD,436857,152965,-40807
2024-06-18,GOLD,444345,160621,-42558
2024-06-25,GOLD,452190,158202,-42603
2024-07-02,GOLD,454730,150815,-44745
2024-07-09,GOLD,516324,157467,-52391
2024-07-16,GOLD,579862,184532,-60318
2024-07-23,GOLD,572306,162860,-54215
2024-07-30,GOLD,510914,152364,-44765
2024-08-06,GOLD,480645,150786,-47145
2024-08-13,GOLD,505872,177915,-52935
2024-08-20,GOLD,532867,193305,-63995
2024-08-27,GOLD,521759,200291,-68384
2024-09-03,GOLD,511136,192090,-69629
2024-09-10,GOLD,511501,190455,-75374
2024-09-17,GOLD,537627,216355,-77587
2024-09-24,GOLD,564640,219029,-80030
2024-10-01,GOLD,533107,214462,-75226
2024-10-08,GOLD,520316,194059,-71151
2024-10-15,GOLD,541232,199421,-74698
2024-10-22,GOLD,573760,205160,-82095
2024-10-29,GOLD,579468,195173,-74620
2024-11-05,GOLD,558034,183003,-69363
2024-11-12,GOLD,535981,165296,-67456
2024-11-19,GOLD,502952,155174,-70317
2024-11-26,GOLD,472660,179290,-67080
2024-12-03,GOLD,462040,180735,-62341
2024-12-10,GOLD,483346,196078,-66445
2024-12-17,GOLD,466571,183502,-72455
2024-12-24,GOLD,454646,165497,-74789
2024-12-31,GOLD,458584,166169,-73361
2025-01-07,GOLD,477043,177641,-70967
2025-01-14,GOLD,526467,195622,-73987
2025-01-21,GOLD,571387,215869,-80606
2025-01-28,GOLD,577505,210540,-80898
2025-02-04,GOLD,542004,209533,-63444
2025-02-11,GOLD,528719,194803,-60901
2025-02-18,GOLD,522330,185329,-60419
2025-02-25,GOLD,512179,179812,-60490
2025-03-04,GOLD,489270,166658,-58579
2025-03-11,GOLD,511276,167576,-57259
2025-03-18,GOLD,533566,183834,-64380
2025-03-25,GOLD,511482,174732,-62757
2025-04-01,GOLD,498746,141999,-62315
2025-04-08,GOLD,445468,130986,-52647
2025-04-15,GOLD,456628,124854,-51605
2025-04-22,GOLD,465351,120902,-45310
2025-04-29,GOLD,451868,105895,-45074
2025-05-06,GOLD,452414,102091,-45285
2025-05-13,GOLD,440842,101227,-41533
2025-05-20,GOLD,448000,107629,-38817
2025-05-27,GOLD,437538,110816,-46192
2025-06-03,GOLD,415941,123582,-48108
2025-06-10,GOLD,417143,124091,-49365
2025-06-17,GOLD,441214,130511,-52962
2025-06-24,GOLD,434958,125128,-50415
2025-07-01,GOLD,437662,130360,-49413
2025-07-08,GOLD,443144,128942,-46812
2025-07-15,GOLD,448531,136727,-46736
2025-07-22,GOLD,489423,159934,-51362
2025-07-29,GOLD,445259,134256,-48170
2025-08-05,GOLD,449647,153987,-34017
2025-08-12,GOLD,446152,148287,-39750
2025-08-19,GOLD,438541,137385,-40005
2025-08-26,GOLD,443760,141917,-42328
2025-09-02,GOLD,492908,161502,-55302
2025-09-09,GOLD,509625,163519,-62554
2025-09-16,GOLD,516221,158971,-65384
2025-09-23,GOLD,528789,160549,-67152
2025-09-30,GOLD,493748,145227,-65397
2025-10-07,GOLD,485559,129759,-65352
2025-10-14,GOLD,485788,108310,-61457
2025-10-21,GOLD,472421,92227,-57778
2025-10-28,GOLD,457122,104159,-58194
2025-11-04,GOLD,450399,100545,-59451
2025-11-10,GOLD,459997,104087,-58746
2025-11-18,GOLD,471953,98205,-58897
2025-11-25,GOLD,432946,109309,-46692
2025-12-02,GOLD,418490,120324,-48707
2025-12-09,GOLD,432569,123548,-49393
2025-12-16,GOLD,471093,132596,-44249
2025-12-23,GOLD,492103,136270,-51284
2025-12-30,GOLD,481866,126040,-54481
2026-01-06,GOLD,488116,123213,-50542
2026-01-13,GOLD,527455,134745,-51165
2026-01-20,GOLD,528004,137444,-42289
2026-01-27,GOLD,488463,118159,-40589
2026-02-03,GOLD,409694,92072,-24634
2026-02-10,GOLD,404391,92022,-18445
2026-02-17,GOLD,407078,95893,-21398
2026-02-24,GOLD,420182,95974,-19818
2026-03-03,GOLD,409789,97917,-20791
2026-03-10,GOLD,413956,98399,-19696
2026-03-17,GOLD,411388,102043,-17834
2026-03-24,GOLD,403925,91621,-22216
2026-03-31,GOLD,361409,92814,-19910
2026-04-07,GOLD,354877,90032,-19296
2026-04-14,GOLD,362274,95141,-18530
2026-04-21,GOLD,365842,92976,-20418
2026-04-28,GOLD,369530,89752,-20192
2026-05-05,GOLD,367932,94254,-19112
2026-05-12,GOLD,376496,98015,-20202
2026-05-19,GOLD,379325,93540,-17914
2026-05-26,GOLD,353489,97446,-19510
2026-06-02,GOLD,326052,112179,-20154
2026-06-09,GOLD,332709,105863,-19300
2026-06-16,GOLD,339330,113721,-17047
2026-06-23,GOLD,352167,115395,-9336
2026-06-30,GOLD,369541,120091,-17046
2026-07-07,GOLD,371776,116161,-20986
2026-07-14,GOLD,383689,120779,-19149
2026-07-21,GOLD,383368,124831,-19321
2017-01-03,WTI,2089324,279697,-281439
2017-01-10,WTI,2114656,278360,-288640
2017-01-17,WTI,2179122,343415,-299012
2017-01-24,WTI,2151809,366821,-305567
2017-01-31,WTI,2181656,374464,-312979
2017-02-07,WTI,2191158,352023,-304424
2017-02-14,WTI,2183943,383532,-319430
2017-02-21,WTI,2103278,405328,-341911
2017-02-28,WTI,2120334,368602,-330141
2017-03-07,WTI,2137532,357178,-320460
2017-03-14,WTI,2240261,254820,-271757
2017-03-21,WTI,2194206,233399,-261416
2017-03-28,WTI,2222462,210245,-253114
2017-04-04,WTI,2213064,227992,-258241
2017-04-11,WTI,2193567,277021,-244246
2017-04-18,WTI,2161434,293105,-249183
2017-04-25,WTI,2188272,220950,-240940
2017-05-02,WTI,2215531,163005,-234727
2017-05-09,WTI,2276413,115851,-214795
2017-05-16,WTI,2337124,115560,-216132
2017-05-23,WTI,2211099,172744,-211588
2017-05-30,WTI,2198081,185196,-210720
2017-06-06,WTI,2228585,201590,-220105
2017-06-13,WTI,2176740,168627,-211088
2017-06-20,WTI,2118015,110749,-198113
2017-06-27,WTI,2143111,105983,-194117
2017-07-03,WTI,2172632,127968,-196332
2017-07-11,WTI,2133575,157255,-203615
2017-07-18,WTI,2140060,209341,-213192
2017-07-25,WTI,2149971,236860,-210635
2017-08-01,WTI,2219691,289879,-210635
2017-08-08,WTI,2215548,285264,-188516
2017-08-15,WTI,2311603,269297,-191090
2017-08-22,WTI,2236977,252295,-182552
2017-08-29,WTI,2247058,138559,-140269
2017-09-05,WTI,2326586,169675,-133044
2017-09-12,WTI,2345125,154078,-108320
2017-09-19,WTI,2377488,208459,-111291
2017-09-26,WTI,2411223,261107,-107174
2017-10-03,WTI,2471226,250173,-97407
2017-10-10,WTI,2437479,238624,-86266
2017-10-17,WTI,2440472,222134,-85406
2017-10-24,WTI,2371940,239964,-84016
2017-10-31,WTI,2509878,295232,-78342
2017-11-07,WTI,2601977,340269,-80951
2017-11-14,WTI,2627570,372239,-106602
2017-11-21,WTI,2512147,339492,-95835
2017-11-28,WTI,2489012,398106,-101470
2017-12-05,WTI,2554224,395080,-92859
2017-12-12,WTI,2571686,390146,-87944
2017-12-19,WTI,2456059,375625,-79768
2017-12-26,WTI,2460193,404238,-84232
2018-01-02,WTI,2479798,389136,-77532
2018-01-09,WTI,2545313,432650,-68177
2018-01-16,WTI,2611581,483829,-78686
2018-01-23,WTI,2593128,478557,-75252
2018-01-30,WTI,2643683,482780,-84233
2018-02-06,WTI,2589270,467783,-80658
2018-02-13,WTI,2530604,448400,-75335
2018-02-20,WTI,2431805,437931,-76984
2018-02-27,WTI,2460214,460337,-93913
2018-03-06,WTI,2451492,441124,-91939
2018-03-13,WTI,2403162,425007,-85747
2018-03-20,WTI,2392391,456228,-96010
2018-03-27,WTI,2513575,463424,-86729
2018-04-03,WTI,2547337,421064,-86586
2018-04-10,WTI,2480033,416802,-101035
2018-04-17,WTI,2596578,431557,-101302
2018-04-24,WTI,2574820,424596,-81175
2018-05-01,WTI,2621768,406101,-74388
2018-05-08,WTI,2658229,403121,-60666
2018-05-15,WTI,2706454,377456,-30083
2018-05-22,WTI,2643354,354281,-14640
2018-05-29,WTI,2620926,300987,-7098
2018-06-05,WTI,2546827,286176,-25721
2018-06-12,WTI,2524439,290467,-44455
2018-06-19,WTI,2458404,295863,-38139
2018-06-26,WTI,2423829,378871,-65468
2018-07-03,WTI,2466531,430828,-81520
2018-07-10,WTI,2499172,429716,-82552
2018-07-17,WTI,2440486,390762,-72626
2018-07-24,WTI,2361062,383645,-61068
2018-07-31,WTI,2349169,384445,-59309
2018-08-07,WTI,2342575,379245,-63558
2018-08-14,WTI,2329989,332508,-58816
2018-08-21,WTI,2235767,331660,-35171
2018-08-28,WTI,2240977,358237,-44519
2018-09-04,WTI,2303047,377741,-51455
2018-09-11,WTI,2281869,348568,-49470
2018-09-18,WTI,2228937,326757,-45532
2018-09-25,WTI,2225779,333641,-69959
2018-10-02,WTI,2245589,329499,-51305
2018-10-09,WTI,2217171,296677,-27996
2018-10-16,WTI,2218887,249552,-18659
2018-10-23,WTI,2131494,199449,-17975
2018-10-30,WTI,2093055,186510,-978
2018-11-06,WTI,2075239,148169,-4740
2018-11-13,WTI,2110793,135681,-3239
2018-11-20,WTI,1998866,132950,17056
2018-11-27,WTI,2020092,128444,21244
2018-12-04,WTI,2048735,103980,16320
2018-12-11,WTI,2050634,94640,17980
2018-12-18,WTI,2063376,67296,17134
2018-12-24,WTI,2073992,76210,23818
2018-12-31,WTI,2104675,78117,11713
2019-01-08,WTI,2120930,59699,9987
2019-01-15,WTI,2103777,96462,-30709
2019-01-22,WTI,2048817,125231,-51440
2019-01-29,WTI,2042018,153642,-74461
2019-02-05,WTI,2057061,148005,-57076
2019-02-12,WTI,2077398,136383,-39590
2019-02-19,WTI,2019218,143449,-17896
2019-02-26,WTI,2025884,147914,-15996
2019-03-05,WTI,2067851,176067,-25388
2019-03-12,WTI,2012864,183808,-32319
2019-03-19,WTI,1962559,238665,-40766
2019-03-26,WTI,1968511,267051,-56578
2019-04-02,WTI,1975009,285702,-66426
2019-04-09,WTI,2021814,320058,-74495
2019-04-16,WTI,2092151,320048,-65829
2019-04-23,WTI,2139213,330396,-59049
2019-04-30,WTI,2144648,315998,-47526
2019-05-07,WTI,2133539,281128,-30990
2019-05-14,WTI,2153657,264539,-31963
2019-05-21,WTI,2085029,238734,-22055
2019-05-28,WTI,2102854,201307,-2169
2019-06-04,WTI,2078407,170376,11421
2019-06-11,WTI,2057046,118401,18374
2019-06-18,WTI,2003618,152679,11867
2019-06-25,WTI,2004961,161211,22377
2019-07-02,WTI,2031169,173609,23794
2019-07-09,WTI,1999766,177037,22672
2019-07-16,WTI,2089629,219643,15042
2019-07-23,WTI,2056492,178724,26668
2019-07-30,WTI,2069072,180620,22422
2019-08-06,WTI,2070210,178649,33452
2019-08-13,WTI,2059135,210389,20269
2019-08-20,WTI,2002847,220432,3949
2019-08-27,WTI,2003007,193681,2309
2019-09-03,WTI,2082415,179596,19076
2019-09-10,WTI,2080994,220488,10450
2019-09-17,WTI,2073041,226814,26699
2019-09-24,WTI,2048088,208712,28941
2019-10-01,WTI,2085676,141223,32383
2019-10-08,WTI,2105717,97063,31595
2019-10-15,WTI,2136717,90462,23551
2019-10-22,WTI,2081290,99852,32142
2019-10-29,WTI,2045914,111453,24132
2019-11-05,WTI,2083893,130202,16772
2019-11-12,WTI,2151499,163519,-13188
2019-11-19,WTI,2123596,138070,-341
2019-11-26,WTI,2187168,209187,-17777
2019-12-03,WTI,2163757,151189,-10813
2019-12-10,WTI,2229813,241017,-19689
2019-12-17,WTI,2166584,285329,-25795
2019-12-24,WTI,2114661,293720,-17977
2019-12-31,WTI,2145567,300778,-24444
2020-01-07,WTI,2244930,310527,-27058
2020-01-14,WTI,2215893,237049,-1831
2020-01-21,WTI,2146832,243696,3581
2020-01-28,WTI,2172019,178459,8884
2020-02-04,WTI,2271741,126709,24462
2020-02-11,WTI,2213522,112393,13653
2020-02-18,WTI,2138168,105323,8265
2020-02-25,WTI,2179833,134431,-890
2020-03-03,WTI,2196089,110488,13026
2020-03-10,WTI,2220972,146784,16572
2020-03-17,WTI,2154450,158167,31219
2020-03-24,WTI,2141284,165060,37875
2020-03-31,WTI,2340672,166202,14560
2020-04-07,WTI,2342227,180323,14745
2020-04-14,WTI,2353955,195355,-30887
2020-04-21,WTI,2276638,247478,-48528
2020-04-28,WTI,2261202,318366,-75707
2020-05-05,WTI,2243871,328601,-92247
2020-05-12,WTI,2248020,351685,-108882
2020-05-19,WTI,2158749,360183,-121015
2020-05-26,WTI,2135678,374810,-139132
2020-06-02,WTI,2127664,394131,-170091
2020-06-09,WTI,2126629,397549,-177091
2020-06-16,WTI,2076990,373061,-172309
2020-06-23,WTI,2003477,370088,-169507
2020-06-30,WTI,2008618,374867,-158206
2020-07-07,WTI,1972049,361008,-148497
2020-07-14,WTI,2019705,359989,-137498
2020-07-21,WTI,1956768,370122,-135054
2020-07-28,WTI,1992556,351776,-130549
2020-08-04,WTI,2032921,362193,-113296
2020-08-11,WTI,2060880,347996,-98531
2020-08-18,WTI,2044952,336736,-87225
2020-08-25,WTI,2052448,331785,-83771
2020-09-01,WTI,2064137,329588,-80887
2020-09-08,WTI,2046660,261119,-57088
2020-09-15,WTI,2108987,291866,-55048
2020-09-22,WTI,2028620,323216,-62763
2020-09-29,WTI,2078331,302458,-65538
2020-10-06,WTI,2111762,306695,-76019
2020-10-13,WTI,2059382,298039,-74875
2020-10-20,WTI,2008815,337537,-89283
2020-10-27,WTI,2011744,300339,-91604
2020-11-03,WTI,2013491,263439,-89679
2020-11-10,WTI,2053450,294341,-89732
2020-11-17,WTI,2083804,299828,-85040
2020-11-24,WTI,2083018,330102,-94283
2020-12-01,WTI,2122605,338534,-87120
2020-12-08,WTI,2131913,339362,-83711
2020-12-15,WTI,2154618,345617,-78238
2020-12-21,WTI,2120797,335769,-79051
2020-12-29,WTI,2121502,332363,-84133
2021-01-05,WTI,2169541,331199,-77208
2021-01-12,WTI,2234696,348044,-72606
2021-01-19,WTI,2217037,344709,-68006
2021-01-26,WTI,2316660,336241,-78544
2021-02-02,WTI,2389677,345233,-87573
2021-02-09,WTI,2446808,369481,-84548
2021-02-16,WTI,2507620,378972,-77993
2021-02-23,WTI,2460204,364230,-72421
2021-03-02,WTI,2491831,363391,-82031
2021-03-09,WTI,2494636,364146,-77294
2021-03-16,WTI,2523179,362433,-72296
2021-03-23,WTI,2321767,353364,-77163
2021-03-30,WTI,2327016,355918,-85015
2021-04-06,WTI,2340357,334393,-93207
2021-04-13,WTI,2301831,343591,-85823
2021-04-20,WTI,2346793,337741,-85646
2021-04-27,WTI,2353470,344937,-100574
2021-05-04,WTI,2419641,355316,-110939
2021-05-11,WTI,2444466,331020,-117239
2021-05-18,WTI,2458804,314834,-79396
2021-05-25,WTI,2426045,326274,-83144
2021-06-01,WTI,2507073,346046,-95992
2021-06-08,WTI,2511533,371409,-95501
2021-06-15,WTI,2474859,382611,-103122
2021-06-22,WTI,2348317,374397,-108362
2021-06-29,WTI,2369631,356103,-112372
2021-07-06,WTI,2413946,325879,-93717
2021-07-13,WTI,2413536,328943,-88505
2021-07-20,WTI,2243475,280351,-48801
2021-07-27,WTI,2326985,277610,-41117
2021-08-03,WTI,2313202,260240,-30100
2021-08-10,WTI,2194794,247542,-8573
2021-08-17,WTI,2135698,249175,-3218
2021-08-24,WTI,2042879,240128,25122
2021-08-31,WTI,2074185,238944,26220
2021-09-07,WTI,2107706,235457,33827
2021-09-14,WTI,2145165,258231,38136
2021-09-21,WTI,2101558,245810,41774
2021-09-28,WTI,2175199,257917,28957
2021-10-05,WTI,2230794,278106,19370
2021-10-12,WTI,2231227,294148,13089
2021-10-19,WTI,2205089,301474,5462
2021-10-26,WTI,2144359,291608,-3216
2021-11-02,WTI,2121461,277817,767
2021-11-09,WTI,2081385,296233,6155
2021-11-16,WTI,2057633,271747,14613
2021-11-23,WTI,2028573,268340,11965
2021-11-30,WTI,2033286,233706,17918
2021-12-07,WTI,1972536,226493,38565
2021-12-14,WTI,1953397,211854,51245
2021-12-21,WTI,1892701,216913,58940
2021-12-28,WTI,1867339,233873,58864
2022-01-04,WTI,1887131,233355,53884
2022-01-11,WTI,1966615,258654,53063
2022-01-18,WTI,2059564,279511,52598
2022-01-25,WTI,2095994,263854,52753
2022-02-01,WTI,2093735,269135,49956
2022-02-08,WTI,2170681,260644,59157
2022-02-15,WTI,2122758,253455,70689
2022-02-22,WTI,2058132,233237,83080
2022-03-01,WTI,2028476,244277,82739
2022-03-08,WTI,1896974,234837,85495
2022-03-15,WTI,1850794,223651,101875
2022-03-22,WTI,1788211,216624,92842
2022-03-29,WTI,1795929,212034,88674
2022-04-05,WTI,1823366,205595,89041
2022-04-12,WTI,1783725,207317,88294
2022-04-19,WTI,1740300,206784,94043
2022-04-26,WTI,1733586,220951,74307
2022-05-03,WTI,1751564,224526,58992
2022-05-10,WTI,1736594,222101,62267
2022-05-17,WTI,1730665,263848,60383
2022-05-24,WTI,1711863,257659,55992
2022-05-31,WTI,1787928,265707,53115
2022-06-07,WTI,1790618,263481,45909
2022-06-14,WTI,1715674,249840,55941
2022-06-21,WTI,1658636,216353,69925
2022-06-28,WTI,1651566,225749,65931
2022-07-05,WTI,1637862,191702,74588
2022-07-12,WTI,1612803,200495,74949
2022-07-19,WTI,1577616,211412,77480
2022-07-26,WTI,1597451,200176,75649
2022-08-02,WTI,1606910,178543,84873
2022-08-09,WTI,1570131,149917,105869
2022-08-16,WTI,1557349,135318,97577
2022-08-23,WTI,1503506,160327,94606
2022-08-30,WTI,1470207,147655,88803
2022-09-06,WTI,1480320,145210,89808
2022-09-13,WTI,1498059,158348,86207
2022-09-20,WTI,1481545,165028,71256
2022-09-27,WTI,1504991,139167,80336
2022-10-04,WTI,1495538,158876,62501
2022-10-11,WTI,1499498,177489,37163
2022-10-18,WTI,1454431,147979,34844
2022-10-25,WTI,1436942,153683,36957
2022-11-01,WTI,1459052,169413,40216
2022-11-08,WTI,1446658,185656,15301
2022-11-15,WTI,1469437,166291,8623
2022-11-22,WTI,1405565,147163,14447
2022-11-29,WTI,1412121,139797,17504
2022-12-06,WTI,1436728,144081,7900
2022-12-13,WTI,1450482,144483,6563
2022-12-20,WTI,1395622,162672,-2695
2022-12-27,WTI,1413545,169002,-15487
2023-01-03,WTI,1459936,138840,-15945
2023-01-10,WTI,1557092,129332,2471
2023-01-17,WTI,1613466,158815,-1172
2023-01-24,WTI,1660450,163010,-3450
2023-01-31,WTI,1726378,157426,-5589
2023-02-07,WTI,1791955,146006,3750
2023-02-14,WTI,1821601,163779,-7859
2023-02-21,WTI,1756029,134036,1183
2023-02-28,WTI,1750212,139954,-237
2023-03-07,WTI,1755027,146937,-4546
2023-03-14,WTI,1767660,96286,7451
2023-03-21,WTI,1791902,52147,52692
2023-03-28,WTI,1785807,97927,39791
2023-04-04,WTI,1858446,166263,21372
2023-04-11,WTI,1875140,188294,16021
2023-04-18,WTI,1913192,191741,2349
2023-04-25,WTI,1826195,174090,-11725
2023-05-02,WTI,1908299,131831,-11964
2023-05-09,WTI,1885886,147256,2248
2023-05-16,WTI,1856570,131670,14032
2023-05-23,WTI,1847901,119658,20393
2023-05-30,WTI,1920740,78440,32553
2023-06-06,WTI,1951628,81354,33906
2023-06-13,WTI,1886782,71044,36273
2023-06-20,WTI,1846816,91742,45538
2023-06-27,WTI,1865745,56220,54961
2023-07-03,WTI,1816043,78028,59640
2023-07-11,WTI,1796348,122303,52259
2023-07-18,WTI,1768189,161921,30939
2023-07-25,WTI,1743598,182850,22020
2023-08-01,WTI,1752072,198935,12478
2023-08-08,WTI,1703711,205375,7550
2023-08-15,WTI,1702766,173842,13780
2023-08-22,WTI,1623347,144208,26341
2023-08-29,WTI,1658521,171765,32061
2023-09-05,WTI,1703130,232918,22547
2023-09-12,WTI,1791696,264030,10714
2023-09-19,WTI,1692990,281620,15583
2023-09-26,WTI,1750559,301660,3168
2023-10-03,WTI,1787495,293235,1741
2023-10-10,WTI,1753314,254544,12477
2023-10-17,WTI,1654168,203144,22023
2023-10-24,WTI,1628044,195976,19677
2023-10-31,WTI,1671255,136064,32197
2023-11-07,WTI,1688562,111309,46727
2023-11-14,WTI,1639133,99563,73499
2023-11-21,WTI,1553677,84929,99895
2023-11-28,WTI,1563737,78316,113344
2023-12-05,WTI,1650437,62777,120140
2023-12-12,WTI,1650245,45912,135358
2023-12-19,WTI,1579670,87328,134304
2023-12-26,WTI,1554682,107403,123848
2024-01-02,WTI,1586914,66563,139281
2024-01-09,WTI,1598167,90956,131819
2024-01-16,WTI,1610493,72473,144913
2024-01-23,WTI,1649542,121750,134379
2024-01-30,WTI,1747660,137515,126416
2024-02-06,WTI,1808220,77073,141502
2024-02-13,WTI,1715857,100188,147779
2024-02-20,WTI,1662234,123396,130081
2024-02-27,WTI,1658921,166538,96888
2024-03-05,WTI,1642519,174585,71456
2024-03-12,WTI,1718985,160593,80260
2024-03-19,WTI,1713716,205684,75482
2024-03-26,WTI,1775565,205794,60421
2024-04-02,WTI,1757685,215843,55035
2024-04-09,WTI,1762094,222132,62071
2024-04-16,WTI,1799606,185786,70701
2024-04-23,WTI,1765266,161402,91702
2024-04-30,WTI,1794542,158705,86907
2024-05-07,WTI,1836765,104519,119957
2024-05-14,WTI,1787763,119232,120478
2024-05-21,WTI,1784152,161547,104431
2024-05-28,WTI,1833461,196185,89258
2024-06-04,WTI,1814253,145312,91667
2024-06-11,WTI,1755642,186682,98786
2024-06-18,WTI,1677538,180634,93790
2024-06-25,WTI,1680601,224638,80268
2024-07-02,WTI,1721585,233203,84348
2024-07-09,WTI,1767729,240012,78122
2024-07-16,WTI,1831212,248501,77696
2024-07-23,WTI,1809094,225041,84301
2024-07-30,WTI,1787630,199250,98708
2024-08-06,WTI,1828846,172634,128807
2024-08-13,WTI,1790876,191765,122187
2024-08-20,WTI,1742632,169913,116080
2024-08-27,WTI,1742613,179969,122488
2024-09-03,WTI,1727524,115268,149836
2024-09-10,WTI,1802465,95833,171601
2024-09-17,WTI,1812275,130773,173398
2024-09-24,WTI,1780393,159082,163264
2024-10-01,WTI,1771336,136929,181061
2024-10-08,WTI,1707072,131063,192452
2024-10-15,WTI,1689760,118546,190260
2024-10-22,WTI,1648928,101946,194354
2024-10-29,WTI,1751736,91633,201558
2024-11-05,WTI,1746717,146651,194740
2024-11-12,WTI,1792299,133663,194077
2024-11-19,WTI,1768651,104941,220707
2024-11-26,WTI,1740661,106409,212550
2024-12-03,WTI,1780843,114821,220155
2024-12-10,WTI,1808227,104968,222374
2024-12-17,WTI,1827905,164387,204788
2024-12-24,WTI,1829252,186914,193306
2024-12-31,WTI,1872970,203048,189045
2025-01-07,WTI,1958411,253879,189471
2025-01-14,WTI,1896350,236242,190288
2025-01-21,WTI,1867000,247445,188213
2025-01-28,WTI,1782462,191531,207661
2025-02-04,WTI,1765342,144136,223801
2025-02-11,WTI,1788275,130304,231169
2025-02-18,WTI,1752594,105892,235520
2025-02-25,WTI,1768799,68773,236840
2025-03-04,WTI,1816244,98649,234997
2025-03-11,WTI,1793310,107744,240122
2025-03-18,WTI,1768386,92263,240139
2025-03-25,WTI,1783978,93243,244181
2025-04-01,WTI,1836468,101417,271803
2025-04-08,WTI,1991545,48539,298125
2025-04-15,WTI,1918217,79913,292787
2025-04-22,WTI,1860519,131735,282430
2025-04-29,WTI,1896516,140031,263071
2025-05-06,WTI,1982266,128575,247819
2025-05-13,WTI,1948099,118096,253242
2025-05-20,WTI,1873273,111879,256419
2025-05-27,WTI,1943708,103947,270393
2025-06-03,WTI,2010313,144631,257285
2025-06-10,WTI,2017212,161577,245475
2025-06-17,WTI,1938664,170605,257783
2025-06-24,WTI,1961998,161487,258118
2025-07-01,WTI,1989440,174633,258199
2025-07-08,WTI,1991225,145697,272897
2025-07-15,WTI,2069099,91769,303419
2025-07-22,WTI,2013304,98237,286090
2025-07-29,WTI,2028873,97387,291111
2025-08-05,WTI,2036424,81337,288472
2025-08-12,WTI,2010959,48865,299912
2025-08-19,WTI,1922821,27445,297794
2025-08-26,WTI,1912554,24621,298128
2025-09-02,WTI,1987861,27323,299736
2025-09-09,WTI,1957115,10002,301400
2025-09-16,WTI,1962620,36799,292741
2025-09-23,WTI,1936690,26483,283712
2025-09-30,WTI,2006358,14053,273661
2025-10-07,WTI,2036074,-17481,294284
2025-10-14,WTI,2066590,-18766,295445
2025-10-21,WTI,1997649,-38154,309536
2025-10-28,WTI,1891657,-8600,297846
2025-11-04,WTI,1924327,7737,277216
2025-11-10,WTI,1913442,-11646,271318
2025-11-18,WTI,1868023,-12671,276037
2025-11-25,WTI,1890503,-37010,273875
2025-12-02,WTI,1914667,-34768,273252
2025-12-09,WTI,1867966,6878,252183
2025-12-16,WTI,1916438,74,247515
2025-12-23,WTI,1863543,11360,245148
2025-12-30,WTI,1898257,15743,235605
2026-01-06,WTI,1968879,24528,223120
2026-01-13,WTI,2018789,47570,229841
2026-01-20,WTI,1964359,47500,204437
2026-01-27,WTI,2035649,59047,192338
2026-02-03,WTI,2091314,76760,170640
2026-02-10,WTI,2070538,79146,168124
2026-02-17,WTI,2087493,63785,156331
2026-02-24,WTI,2102705,67700,130763
2026-03-03,WTI,2073033,68385,178669
2026-03-10,WTI,2051321,92122,212558
2026-03-17,WTI,2081576,96371,249396
2026-03-24,WTI,2002065,94336,267288
2026-03-31,WTI,2030970,73347,287728
2026-04-07,WTI,2037857,78700,293113
2026-04-14,WTI,2094492,98368,293996
2026-04-21,WTI,1984747,99887,314305
2026-04-28,WTI,2017038,80331,320120
2026-05-05,WTI,2067827,70791,337501
2026-05-12,WTI,2081927,72801,357407
2026-05-19,WTI,2002950,98219,372149
2026-05-26,WTI,2003795,79924,366141
2026-06-02,WTI,2025180,90765,358016
2026-06-09,WTI,2006635,94725,365942
2026-06-16,WTI,2007709,96228,378716
2026-06-23,WTI,1911877,82872,378876
2026-06-30,WTI,1914443,81282,371227
2026-07-07,WTI,1905761,64041,390293
2026-07-14,WTI,1875496,61974,399298
2026-07-21,WTI,1864487,63979,383350
